{
  "algorithm": "random",
  "cells": 14,
  "cut_count": 10,
  "cut_nets": [
    "clk",
    "n1",
    "n2",
    "n4",
    "n7",
    "n8",
    "q1",
    "q2",
    "q3",
    "q4"
  ],
  "estimated_speedup": 1.8241042345276874,
  "imbalance": 1.1428571428571428,
  "lambda_minus_one": 13,
  "module": "demo_top",
  "nets": 21,
  "runtime_ms": 0.05283497739583254,
  "sizes": [
    4,
    4,
    3,
    3
  ]
}
